{"ortools": {"time": 4.929101467132568, "optimal": true, "obj": 186.00000000000003, "sol": [[3], [10], [8], [7], [9], [4], [5, 6], [2, 1]]}}